{
    "134232148": {
        "editor_effect": {
            "model_id": 134220622, 
            "preview_icon": "", 
            "name": "\u55b7\u6bd2\u653b\u51fb\u4e2d\u6bd2\u6548\u679c", 
            "describe": 134232148, 
            "key": 134232148, 
            "res_type": "kkres", 
            "res_identify": "", 
            "scale": 1.0, 
            "uid": "134232148", 
            "source_effect": [
                104491
            ]
        }, 
        "model": {
            "name": "\u55b7\u6bd2\u653b\u51fb\u4e2d\u6bd2\u6548\u679c", 
            "model_id": 134220622, 
            "effect_path": "Fx_Effect/DM1/Fx_Skill/Poison/Poison_DM1_shiti_chencheng_copy", 
            "meshes": [], 
            "custom": true, 
            "effect_keep": true, 
            "effect_max_life": -1, 
            "is_beam_effect": false
        }
    }, 
    "res_type": "editor_effect", 
    "import_export_folder_info": "/code_explorer_custom_root_folder_name"
}