{
    "134267611": {
        "editor_effect": {
            "model_id": 134256644, 
            "preview_icon": "", 
            "name": "\u654c\u65b9\u9632\u5fa1\u5854\u666e\u901a\u653b\u51fb", 
            "describe": 134267611, 
            "key": 134267611, 
            "res_type": "kkres", 
            "res_identify": "", 
            "scale": 1.0, 
            "uid": "134267611", 
            "source_effect": [
                100226
            ]
        }, 
        "model": {
            "name": "\u654c\u65b9\u9632\u5fa1\u5854\u666e\u901a\u653b\u51fb", 
            "model_id": 134256644, 
            "effect_path": "Fx_Effect/Cartoon/Fx_Skill/Ballistic/Ballistic_1101_skill_b_02_08_02_copy", 
            "meshes": [], 
            "custom": true, 
            "effect_keep": true, 
            "effect_max_life": -1, 
            "is_beam_effect": false
        }
    }, 
    "res_type": "editor_effect", 
    "import_export_folder_info": "/code_explorer_custom_root_folder_name"
}