{
    "134281906": {
        "editor_effect": {
            "model_id": 134256813, 
            "preview_icon": "", 
            "name": "\u7fa4\u4f53\u5632\u8bbd\u6280\u80fd\u7279\u6548", 
            "describe": 134281906, 
            "key": 134281906, 
            "res_type": "kkres", 
            "res_identify": "", 
            "scale": 1.0, 
            "uid": "134281906", 
            "source_effect": [
                100499
            ], 
            "version": 1, 
            "md5": "78e03f8e03f1ea7b30a9711e2722da4b"
        }, 
        "model": {
            "name": "\u7fa4\u4f53\u5632\u8bbd\u6280\u80fd\u7279\u6548", 
            "model_id": 134256813, 
            "effect_path": "Fx_Effect/Cartoon/Fx_Skill/Holy/Holy_4002_skill_04_01_copy", 
            "meshes": [], 
            "custom": true, 
            "effect_keep": false, 
            "effect_max_life": 1.699999976, 
            "is_beam_effect": false
        }
    }, 
    "res_type": "editor_effect", 
    "import_export_folder_info": "/code_explorer_custom_root_folder_name"
}