{
    "134260642": {
        "editor_effect": {
            "model_id": 134228838, 
            "preview_icon": "", 
            "name": "\u68ee\u4e4b\u6124\u6012\u6280\u80fd\u7279\u6548", 
            "describe": 134260642, 
            "key": 134260642, 
            "res_type": "kkres", 
            "res_identify": "", 
            "scale": 1.0, 
            "uid": "134260642", 
            "source_effect": [
                102472
            ], 
            "version": 1, 
            "md5": "ddd43b1b6de748ca67806aa52ab66ec3"
        }, 
        "model": {
            "name": "\u68ee\u4e4b\u6124\u6012\u6280\u80fd\u7279\u6548", 
            "model_id": 134228838, 
            "effect_path": "Fx_Effect/Realism/Fx_Common/Back/Back_Yxsg_gy_qlht_b0001_copy", 
            "meshes": [], 
            "custom": true, 
            "effect_keep": false, 
            "effect_max_life": 0.8, 
            "is_beam_effect": false
        }
    }, 
    "res_type": "editor_effect", 
    "import_export_folder_info": "/code_explorer_custom_root_folder_name"
}