<?xml version='1.0' encoding='utf-8'?>
<Resource>
	<Version>2</Version>
	<SMaterialData>
		<Root>
			<Sub />
			<Entity type="SMaterialData">
				<name>_material</name>
				<info>
					<Layers count="6" ordered="true">
						<Element index="0">
							<LayerName>dian_submat</LayerName>
							<ShaderName>Particle</ShaderName>
							<Parameters count="15" ordered="true">
								<Element index="0">
									<Name>DepthBuffer</Name>
									<Value>00000000-0000-0000-0000-000000000000</Value>
								</Element>
								<Element index="1">
									<Name>DiffuseTexture</Name>
									<Value>780cbc17-3ddd-4a75-92d3-b4ee40ad4651</Value>
								</Element>
								<Element index="2">
									<Name>ScreenTexture</Name>
									<Value>00000000-0000-0000-0000-000000000000</Value>
								</Element>
								<Element index="3">
									<Name>tScatteringAndTransmittanceVolume</Name>
									<Value>00000000-0000-0000-0000-000000000000</Value>
								</Element>
								<Element index="4">
									<Name>tShadowMapArray</Name>
									<Value>00000000-0000-0000-0000-000000000000</Value>
								</Element>
								<Element index="5">
									<Name>InvFadeDistance</Name>
									<Value>5</Value>
								</Element>
								<Element index="6">
									<Name>ModulateColor</Name>
									<Value>(1.0, 1.0, 1.0, 1.0)</Value>
								</Element>
								<Element index="7">
									<Name>Soft</Name>
									<Value>true</Value>
								</Element>
								<Element index="8">
									<Name>HDRScale</Name>
									<Value>2</Value>
								</Element>
								<Element index="9">
									<Name>UVScale</Name>
									<Value>(1, 1)</Value>
								</Element>
								<Element index="10">
									<Name>Local</Name>
									<Value>false</Value>
								</Element>
								<Element index="11">
									<Name>BloomScale</Name>
									<Value>1</Value>
								</Element>
								<Element index="12">
									<Name>FogStrength</Name>
									<Value>0</Value>
								</Element>
								<Element index="13">
									<Name>DepthBias</Name>
									<Value>0</Value>
								</Element>
								<Element index="14">
									<Name>Distortion</Name>
									<Value>0</Value>
								</Element>
							</Parameters>
							<InactiveParameters count="0" ordered="true" />
							<MultiPassMaterials count="0" ordered="true" />
						</Element>
						<Element index="1">
							<LayerName>__gy_02___submat</LayerName>
							<ShaderName>Particle</ShaderName>
							<Parameters count="15" ordered="true">
								<Element index="0">
									<Name>DepthBuffer</Name>
									<Value>00000000-0000-0000-0000-000000000000</Value>
								</Element>
								<Element index="1">
									<Name>DiffuseTexture</Name>
									<Value>de14ac2c-710b-4ffd-b645-b7c5edef6246</Value>
								</Element>
								<Element index="2">
									<Name>ScreenTexture</Name>
									<Value>00000000-0000-0000-0000-000000000000</Value>
								</Element>
								<Element index="3">
									<Name>tScatteringAndTransmittanceVolume</Name>
									<Value>00000000-0000-0000-0000-000000000000</Value>
								</Element>
								<Element index="4">
									<Name>tShadowMapArray</Name>
									<Value>00000000-0000-0000-0000-000000000000</Value>
								</Element>
								<Element index="5">
									<Name>InvFadeDistance</Name>
									<Value>5</Value>
								</Element>
								<Element index="6">
									<Name>ModulateColor</Name>
									<Value>(1, 1, 1, 0.7)</Value>
								</Element>
								<Element index="7">
									<Name>Soft</Name>
									<Value>true</Value>
								</Element>
								<Element index="8">
									<Name>HDRScale</Name>
									<Value>2</Value>
								</Element>
								<Element index="9">
									<Name>UVScale</Name>
									<Value>(1, 1)</Value>
								</Element>
								<Element index="10">
									<Name>Local</Name>
									<Value>1</Value>
								</Element>
								<Element index="11">
									<Name>BloomScale</Name>
									<Value>0.5</Value>
								</Element>
								<Element index="12">
									<Name>FogStrength</Name>
									<Value>0</Value>
								</Element>
								<Element index="13">
									<Name>DepthBias</Name>
									<Value>0</Value>
								</Element>
								<Element index="14">
									<Name>Distortion</Name>
									<Value>0</Value>
								</Element>
							</Parameters>
							<InactiveParameters count="0" ordered="true" />
							<MultiPassMaterials count="0" ordered="true" />
						</Element>
						<Element index="2">
							<LayerName>__gy01___submat</LayerName>
							<ShaderName>Particle</ShaderName>
							<Parameters count="15" ordered="true">
								<Element index="0">
									<Name>DepthBuffer</Name>
									<Value>00000000-0000-0000-0000-000000000000</Value>
								</Element>
								<Element index="1">
									<Name>DiffuseTexture</Name>
									<Value>5a74b8ef-1833-4b50-822d-d178d1a9783d</Value>
								</Element>
								<Element index="2">
									<Name>ScreenTexture</Name>
									<Value>00000000-0000-0000-0000-000000000000</Value>
								</Element>
								<Element index="3">
									<Name>tScatteringAndTransmittanceVolume</Name>
									<Value>00000000-0000-0000-0000-000000000000</Value>
								</Element>
								<Element index="4">
									<Name>tShadowMapArray</Name>
									<Value>00000000-0000-0000-0000-000000000000</Value>
								</Element>
								<Element index="5">
									<Name>InvFadeDistance</Name>
									<Value>5</Value>
								</Element>
								<Element index="6">
									<Name>ModulateColor</Name>
									<Value>(1, 1, 1, 2)</Value>
								</Element>
								<Element index="7">
									<Name>Soft</Name>
									<Value>true</Value>
								</Element>
								<Element index="8">
									<Name>HDRScale</Name>
									<Value>1.6</Value>
								</Element>
								<Element index="9">
									<Name>UVScale</Name>
									<Value>(1, 1)</Value>
								</Element>
								<Element index="10">
									<Name>Local</Name>
									<Value>false</Value>
								</Element>
								<Element index="11">
									<Name>BloomScale</Name>
									<Value>0.5</Value>
								</Element>
								<Element index="12">
									<Name>FogStrength</Name>
									<Value>0</Value>
								</Element>
								<Element index="13">
									<Name>DepthBias</Name>
									<Value>0</Value>
								</Element>
								<Element index="14">
									<Name>Distortion</Name>
									<Value>0</Value>
								</Element>
							</Parameters>
							<InactiveParameters count="0" ordered="true" />
							<MultiPassMaterials count="0" ordered="true" />
						</Element>
						<Element index="3">
							<LayerName>quan_submat</LayerName>
							<ShaderName>Particle</ShaderName>
							<Parameters count="15" ordered="true">
								<Element index="0">
									<Name>DepthBuffer</Name>
									<Value>00000000-0000-0000-0000-000000000000</Value>
								</Element>
								<Element index="1">
									<Name>DiffuseTexture</Name>
									<Value>cc614828-9c9f-4dd4-9217-98b714f4eb4b</Value>
								</Element>
								<Element index="2">
									<Name>ScreenTexture</Name>
									<Value>00000000-0000-0000-0000-000000000000</Value>
								</Element>
								<Element index="3">
									<Name>tScatteringAndTransmittanceVolume</Name>
									<Value>00000000-0000-0000-0000-000000000000</Value>
								</Element>
								<Element index="4">
									<Name>tShadowMapArray</Name>
									<Value>00000000-0000-0000-0000-000000000000</Value>
								</Element>
								<Element index="5">
									<Name>InvFadeDistance</Name>
									<Value>3.33333325</Value>
								</Element>
								<Element index="6">
									<Name>ModulateColor</Name>
									<Value>(1, 1, 1, 3)</Value>
								</Element>
								<Element index="7">
									<Name>Soft</Name>
									<Value>true</Value>
								</Element>
								<Element index="8">
									<Name>HDRScale</Name>
									<Value>1.8</Value>
								</Element>
								<Element index="9">
									<Name>UVScale</Name>
									<Value>(1, 1)</Value>
								</Element>
								<Element index="10">
									<Name>Local</Name>
									<Value>1</Value>
								</Element>
								<Element index="11">
									<Name>BloomScale</Name>
									<Value>1</Value>
								</Element>
								<Element index="12">
									<Name>FogStrength</Name>
									<Value>0</Value>
								</Element>
								<Element index="13">
									<Name>DepthBias</Name>
									<Value>0</Value>
								</Element>
								<Element index="14">
									<Name>Distortion</Name>
									<Value>0</Value>
								</Element>
							</Parameters>
							<InactiveParameters count="0" ordered="true" />
							<MultiPassMaterials count="0" ordered="true" />
						</Element>
						<Element index="4">
							<LayerName>lizi_submat</LayerName>
							<ShaderName>Particle</ShaderName>
							<Parameters count="15" ordered="true">
								<Element index="0">
									<Name>DepthBuffer</Name>
									<Value>00000000-0000-0000-0000-000000000000</Value>
								</Element>
								<Element index="1">
									<Name>DiffuseTexture</Name>
									<Value>71a27a3b-5f4f-439d-a103-859504dc0fee</Value>
								</Element>
								<Element index="2">
									<Name>ScreenTexture</Name>
									<Value>00000000-0000-0000-0000-000000000000</Value>
								</Element>
								<Element index="3">
									<Name>tScatteringAndTransmittanceVolume</Name>
									<Value>00000000-0000-0000-0000-000000000000</Value>
								</Element>
								<Element index="4">
									<Name>tShadowMapArray</Name>
									<Value>00000000-0000-0000-0000-000000000000</Value>
								</Element>
								<Element index="5">
									<Name>InvFadeDistance</Name>
									<Value>10</Value>
								</Element>
								<Element index="6">
									<Name>ModulateColor</Name>
									<Value>(3, 2, 1, 2.5)</Value>
								</Element>
								<Element index="7">
									<Name>Soft</Name>
									<Value>true</Value>
								</Element>
								<Element index="8">
									<Name>HDRScale</Name>
									<Value>5</Value>
								</Element>
								<Element index="9">
									<Name>UVScale</Name>
									<Value>(1, 1)</Value>
								</Element>
								<Element index="10">
									<Name>Local</Name>
									<Value>1</Value>
								</Element>
								<Element index="11">
									<Name>BloomScale</Name>
									<Value>2</Value>
								</Element>
								<Element index="12">
									<Name>FogStrength</Name>
									<Value>0</Value>
								</Element>
								<Element index="13">
									<Name>DepthBias</Name>
									<Value>0</Value>
								</Element>
								<Element index="14">
									<Name>Distortion</Name>
									<Value>0</Value>
								</Element>
							</Parameters>
							<InactiveParameters count="0" ordered="true" />
							<MultiPassMaterials count="0" ordered="true" />
						</Element>
						<Element index="5">
							<LayerName>__none___submat</LayerName>
							<ShaderName>Particle</ShaderName>
							<Parameters count="15" ordered="true">
								<Element index="0">
									<Name>DepthBuffer</Name>
									<Value>00000000-0000-0000-0000-000000000000</Value>
								</Element>
								<Element index="1">
									<Name>DiffuseTexture</Name>
									<Value>ffffffff-0100-0000-0100-00000a000000</Value>
								</Element>
								<Element index="2">
									<Name>ScreenTexture</Name>
									<Value>00000000-0000-0000-0000-000000000000</Value>
								</Element>
								<Element index="3">
									<Name>tScatteringAndTransmittanceVolume</Name>
									<Value>00000000-0000-0000-0000-000000000000</Value>
								</Element>
								<Element index="4">
									<Name>tShadowMapArray</Name>
									<Value>00000000-0000-0000-0000-000000000000</Value>
								</Element>
								<Element index="5">
									<Name>InvFadeDistance</Name>
									<Value>0</Value>
								</Element>
								<Element index="6">
									<Name>ModulateColor</Name>
									<Value>(1.0, 1.0, 1.0, 1.0)</Value>
								</Element>
								<Element index="7">
									<Name>Soft</Name>
									<Value>0</Value>
								</Element>
								<Element index="8">
									<Name>HDRScale</Name>
									<Value>2</Value>
								</Element>
								<Element index="9">
									<Name>UVScale</Name>
									<Value>(1, 1)</Value>
								</Element>
								<Element index="10">
									<Name>Local</Name>
									<Value>1</Value>
								</Element>
								<Element index="11">
									<Name>BloomScale</Name>
									<Value>0.5</Value>
								</Element>
								<Element index="12">
									<Name>FogStrength</Name>
									<Value>0</Value>
								</Element>
								<Element index="13">
									<Name>DepthBias</Name>
									<Value>0</Value>
								</Element>
								<Element index="14">
									<Name>Distortion</Name>
									<Value>0</Value>
								</Element>
							</Parameters>
							<InactiveParameters count="0" ordered="true" />
							<MultiPassMaterials count="0" ordered="true" />
						</Element>
					</Layers>
				</info>
				<flags count="6" ordered="true">
					<Element index="0">1048608</Element>
					<Element index="1">3145760</Element>
					<Element index="2">1048608</Element>
					<Element index="3">1048608</Element>
					<Element index="4">1048608</Element>
					<Element index="5">1048608</Element>
				</flags>
				<CustomRenderset count="1" ordered="true">
					<Element index="0">0</Element>
				</CustomRenderset>
			</Entity>
		</Root>
	</SMaterialData>
</Resource>
