{
    "134278423": {
        "editor_effect": {
            "describe": 134278423, 
            "key": 134278423, 
            "md5": "030d7922e801267be761a744ee21bf8b", 
            "model_id": 134229216, 
            "name": "\u77ac\u95f4\u4f20\u9001\u7279\u6548", 
            "preview_icon": "", 
            "res_identify": "", 
            "res_type": "kkres", 
            "scale": 1.0, 
            "source_effect": [
                101736
            ], 
            "uid": "134278423", 
            "version": 1
        }, 
        "model": {
            "custom": true, 
            "effect_keep": false, 
            "effect_max_life": 3.20000005, 
            "effect_path": "Fx_Effect/Realism/Fx_Common/Back/Back_send_death_001_copy", 
            "is_beam_effect": false, 
            "meshes": [], 
            "model_id": 134229216, 
            "name": "\u77ac\u95f4\u4f20\u9001\u7279\u6548"
        }
    }, 
    "res_type": "editor_effect", 
    "import_export_folder_info": "/code_explorer_custom_root_folder_name"
}