{
    "134223803": {
        "editor_effect": {
            "model_id": 134224123, 
            "preview_icon": "", 
            "name": "\u771f\u5b9e\u4f24\u5bb3\u53d7\u51fb\u7279\u6548", 
            "describe": 134223803, 
            "key": 134223803, 
            "res_type": "kkres", 
            "res_identify": "", 
            "scale": 1.0, 
            "uid": "134223803", 
            "source_effect": [
                104409
            ]
        }, 
        "model": {
            "name": "\u771f\u5b9e\u4f24\u5bb3\u53d7\u51fb\u7279\u6548", 
            "model_id": 134224123, 
            "effect_path": "Fx_Effect/DM1/Fx_Common/Boom/Boom_DM1_u4_Ydj_mhc003_copy", 
            "meshes": [], 
            "custom": true, 
            "effect_keep": false, 
            "effect_max_life": 0.9999999740000001, 
            "is_beam_effect": false
        }
    }, 
    "res_type": "editor_effect", 
    "import_export_folder_info": "/code_explorer_custom_root_folder_name"
}