{
    "134221879": {
        "editor_effect": {
            "model_id": 134249138, 
            "preview_icon": "", 
            "name": "\u68ee\u4e4b\u5e87\u62a4\u5149\u73af\u7279\u6548", 
            "describe": 134221879, 
            "key": 134221879, 
            "res_type": "kkres", 
            "res_identify": "", 
            "scale": 1.0, 
            "uid": "134221879", 
            "source_effect": [
                104892
            ], 
            "version": 1, 
            "md5": "3047d09534591480f47ec9e3ba01401c"
        }, 
        "model": {
            "name": "\u68ee\u4e4b\u5e87\u62a4\u6280\u80fd\u7279\u6548", 
            "model_id": 134249138, 
            "effect_path": "Fx_Effect/Overseas/Fx_Skill/Magic/Magic_overseas_900006_ability1_c0003_copy", 
            "meshes": [], 
            "custom": true, 
            "effect_keep": true, 
            "effect_max_life": -1, 
            "is_beam_effect": false
        }
    }, 
    "res_type": "editor_effect", 
    "import_export_folder_info": "/code_explorer_custom_root_folder_name"
}