{
    "134245954": {
        "editor_effect": {
            "model_id": 134279189, 
            "preview_icon": "", 
            "name": "\u72c2\u66b4\u653b\u51fb\u53d7\u51fb\u7279\u6548", 
            "describe": 134245954, 
            "key": 134245954, 
            "res_type": "kkres", 
            "res_identify": "", 
            "scale": 1.0, 
            "uid": "134245954", 
            "source_effect": [
                100812
            ], 
            "version": 1, 
            "md5": "6bcf2da63f490db902dfea9dcd81065a"
        }, 
        "model": {
            "name": "\u72c2\u66b4\u653b\u51fb\u53d7\u51fb\u7279\u6548", 
            "model_id": 134279189, 
            "effect_path": "Fx_Effect/Cartoon/Fx_Common/Hit/Hit_hit_snow_02_01_copy", 
            "meshes": [], 
            "custom": true, 
            "effect_keep": false, 
            "effect_max_life": 1.1500000493, 
            "is_beam_effect": false
        }
    }, 
    "res_type": "editor_effect", 
    "import_export_folder_info": "/code_explorer_custom_root_folder_name"
}