{
    "134254277": {
        "editor_effect": {
            "model_id": 134229833, 
            "preview_icon": "", 
            "name": "\u66b4\u98ce\u96ea\u7279\u6548", 
            "describe": 134254277, 
            "key": 134254277, 
            "res_type": "kkres", 
            "res_identify": "", 
            "scale": 1.0, 
            "uid": "134254277", 
            "source_effect": [
                105295
            ], 
            "version": 1, 
            "md5": "74dabb3a9085409d56172bf792cf06d9"
        }, 
        "model": {
            "name": "\u66b4\u98ce\u96ea\u6280\u80fd", 
            "model_id": 134229833, 
            "effect_path": "Fx_Effect/DM22/Fx_Skill/Ice/Ice_DM22_nvbingfa_Skill02_v01_copy", 
            "meshes": [], 
            "custom": true, 
            "effect_keep": true, 
            "effect_max_life": -1, 
            "is_beam_effect": false
        }
    }, 
    "res_type": "editor_effect", 
    "import_export_folder_info": "/code_explorer_custom_root_folder_name"
}