{
    "134256893": {
        "editor_effect": {
            "describe": 134256893, 
            "key": 134256893, 
            "md5": "9b7fb24bc746f1ec17926d6d547877cf", 
            "model_id": 134235295, 
            "name": "\u5bd2\u51b0\u653b\u51fb\u53d7\u51fb\u7279\u6548", 
            "preview_icon": "", 
            "res_identify": "", 
            "res_type": "kkres", 
            "scale": 1.0, 
            "source_effect": [
                102295
            ], 
            "uid": "134256893", 
            "version": 1
        }, 
        "model": {
            "custom": true, 
            "effect_keep": false, 
            "effect_max_life": 1.0, 
            "effect_path": "Fx_Effect/Realism/Fx_Common/Hit/Hit_ice_011_copy", 
            "is_beam_effect": false, 
            "meshes": [], 
            "model_id": 134235295, 
            "name": "\u51b0\u971c\u653b\u51fb\u53d7\u51fb\u7279\u6548"
        }
    }, 
    "res_type": "editor_effect", 
    "import_export_folder_info": "/code_explorer_custom_root_folder_name"
}