<?xml version='1.0' encoding='utf-8'?>
<Resource>
	<Version>2</Version>
	<SMaterialData>
		<Root>
			<Sub />
			<Entity type="SMaterialData">
				<name>_material</name>
				<info>
					<Layers count="4" ordered="true">
						<Element index="0">
							<LayerName>langtou001_submat</LayerName>
							<ShaderName>Effect/Twisted</ShaderName>
							<Parameters count="15" ordered="true">
								<Element index="0">
									<Name>DepthBuffer</Name>
									<Value>00000000-0000-0000-0000-000000000000</Value>
								</Element>
								<Element index="1">
									<Name>DiffuseTexture</Name>
									<Value>5d4bb56f-662c-5cae-ad4f-d47261402bb7</Value>
								</Element>
								<Element index="2">
									<Name>MaskTexture</Name>
									<Value>00000000-0000-0000-0000-000000000000</Value>
								</Element>
								<Element index="3">
									<Name>TwistTexture</Name>
									<Value>00000000-0000-0000-0000-000000000000</Value>
								</Element>
								<Element index="4">
									<Name>tScatteringAndTransmittanceVolume</Name>
									<Value>00000000-0000-0000-0000-000000000000</Value>
								</Element>
								<Element index="5">
									<Name>tShadowMapArray</Name>
									<Value>00000000-0000-0000-0000-000000000000</Value>
								</Element>
								<Element index="6">
									<Name>TwistUVScolling</Name>
									<Value>(1, 1, 0, 0)</Value>
								</Element>
								<Element index="7">
									<Name>Soft</Name>
									<Value>0</Value>
								</Element>
								<Element index="8">
									<Name>DepthBias</Name>
									<Value>0</Value>
								</Element>
								<Element index="9">
									<Name>HDRScale</Name>
									<Value>2</Value>
								</Element>
								<Element index="10">
									<Name>FogStrength</Name>
									<Value>0</Value>
								</Element>
								<Element index="11">
									<Name>TwistStrength</Name>
									<Value>(0.10000000149011612, 0.10000000149011612)</Value>
								</Element>
								<Element index="12">
									<Name>ModulateColor</Name>
									<Value>(1.0, 1.0, 1.0, 1.0)</Value>
								</Element>
								<Element index="13">
									<Name>DiffuseUVScolling</Name>
									<Value>(1, 1, 0, 0)</Value>
								</Element>
								<Element index="14">
									<Name>BloomScale</Name>
									<Value>0.5</Value>
								</Element>
							</Parameters>
							<InactiveParameters count="0" ordered="true" />
							<MultiPassMaterials count="0" ordered="true" />
						</Element>
						<Element index="1">
							<LayerName>langtou002_submat</LayerName>
							<ShaderName>Effect/Twisted</ShaderName>
							<Parameters count="15" ordered="true">
								<Element index="0">
									<Name>DepthBuffer</Name>
									<Value>00000000-0000-0000-0000-000000000000</Value>
								</Element>
								<Element index="1">
									<Name>DiffuseTexture</Name>
									<Value>3ccf7fee-f06b-4e6f-bbf7-0f1d7ded7223</Value>
								</Element>
								<Element index="2">
									<Name>MaskTexture</Name>
									<Value>53958af0-b7f6-4299-a558-7392c1f5e238</Value>
								</Element>
								<Element index="3">
									<Name>TwistTexture</Name>
									<Value>12ce11e2-3f69-4890-8fb4-d5cbc94d11bf</Value>
								</Element>
								<Element index="4">
									<Name>tScatteringAndTransmittanceVolume</Name>
									<Value>00000000-0000-0000-0000-000000000000</Value>
								</Element>
								<Element index="5">
									<Name>tShadowMapArray</Name>
									<Value>00000000-0000-0000-0000-000000000000</Value>
								</Element>
								<Element index="6">
									<Name>TwistUVScolling</Name>
									<Value>(1, 1, 0.5, 1)</Value>
								</Element>
								<Element index="7">
									<Name>Soft</Name>
									<Value>0</Value>
								</Element>
								<Element index="8">
									<Name>DepthBias</Name>
									<Value>0</Value>
								</Element>
								<Element index="9">
									<Name>HDRScale</Name>
									<Value>2</Value>
								</Element>
								<Element index="10">
									<Name>FogStrength</Name>
									<Value>0</Value>
								</Element>
								<Element index="11">
									<Name>TwistStrength</Name>
									<Value>(0.10000000149011612, 0.10000000149011612)</Value>
								</Element>
								<Element index="12">
									<Name>ModulateColor</Name>
									<Value>(1, 1, 1, 3)</Value>
								</Element>
								<Element index="13">
									<Name>DiffuseUVScolling</Name>
									<Value>(1, 1, 0.02, 0)</Value>
								</Element>
								<Element index="14">
									<Name>BloomScale</Name>
									<Value>0.5</Value>
								</Element>
							</Parameters>
							<InactiveParameters count="0" ordered="true" />
							<MultiPassMaterials count="0" ordered="true" />
						</Element>
						<Element index="2">
							<LayerName>Smoke01_submat</LayerName>
							<ShaderName>Particle</ShaderName>
							<Parameters count="15" ordered="true">
								<Element index="0">
									<Name>DepthBuffer</Name>
									<Value>00000000-0000-0000-0000-000000000000</Value>
								</Element>
								<Element index="1">
									<Name>DiffuseTexture</Name>
									<Value>3f10e16a-e854-47eb-9084-8fed7c884670</Value>
								</Element>
								<Element index="2">
									<Name>ScreenTexture</Name>
									<Value>00000000-0000-0000-0000-000000000000</Value>
								</Element>
								<Element index="3">
									<Name>tScatteringAndTransmittanceVolume</Name>
									<Value>00000000-0000-0000-0000-000000000000</Value>
								</Element>
								<Element index="4">
									<Name>tShadowMapArray</Name>
									<Value>00000000-0000-0000-0000-000000000000</Value>
								</Element>
								<Element index="5">
									<Name>InvFadeDistance</Name>
									<Value>0</Value>
								</Element>
								<Element index="6">
									<Name>ModulateColor</Name>
									<Value>(1, 1, 1, 0.8)</Value>
								</Element>
								<Element index="7">
									<Name>Soft</Name>
									<Value>0</Value>
								</Element>
								<Element index="8">
									<Name>HDRScale</Name>
									<Value>2</Value>
								</Element>
								<Element index="9">
									<Name>UVScale</Name>
									<Value>(1, 1)</Value>
								</Element>
								<Element index="10">
									<Name>Local</Name>
									<Value>false</Value>
								</Element>
								<Element index="11">
									<Name>BloomScale</Name>
									<Value>0.5</Value>
								</Element>
								<Element index="12">
									<Name>FogStrength</Name>
									<Value>0</Value>
								</Element>
								<Element index="13">
									<Name>DepthBias</Name>
									<Value>0</Value>
								</Element>
								<Element index="14">
									<Name>Distortion</Name>
									<Value>0</Value>
								</Element>
							</Parameters>
							<InactiveParameters count="0" ordered="true" />
							<MultiPassMaterials count="0" ordered="true" />
						</Element>
						<Element index="3">
							<LayerName>Smoke02_submat</LayerName>
							<ShaderName>Particle</ShaderName>
							<Parameters count="15" ordered="true">
								<Element index="0">
									<Name>DepthBuffer</Name>
									<Value>00000000-0000-0000-0000-000000000000</Value>
								</Element>
								<Element index="1">
									<Name>DiffuseTexture</Name>
									<Value>b0729657-135a-47e6-9db4-92586d20e82e</Value>
								</Element>
								<Element index="2">
									<Name>ScreenTexture</Name>
									<Value>00000000-0000-0000-0000-000000000000</Value>
								</Element>
								<Element index="3">
									<Name>tScatteringAndTransmittanceVolume</Name>
									<Value>00000000-0000-0000-0000-000000000000</Value>
								</Element>
								<Element index="4">
									<Name>tShadowMapArray</Name>
									<Value>00000000-0000-0000-0000-000000000000</Value>
								</Element>
								<Element index="5">
									<Name>InvFadeDistance</Name>
									<Value>0</Value>
								</Element>
								<Element index="6">
									<Name>ModulateColor</Name>
									<Value>(1, 1, 1, 0.8)</Value>
								</Element>
								<Element index="7">
									<Name>Soft</Name>
									<Value>0</Value>
								</Element>
								<Element index="8">
									<Name>HDRScale</Name>
									<Value>2</Value>
								</Element>
								<Element index="9">
									<Name>UVScale</Name>
									<Value>(1, 1)</Value>
								</Element>
								<Element index="10">
									<Name>Local</Name>
									<Value>false</Value>
								</Element>
								<Element index="11">
									<Name>BloomScale</Name>
									<Value>0.5</Value>
								</Element>
								<Element index="12">
									<Name>FogStrength</Name>
									<Value>0</Value>
								</Element>
								<Element index="13">
									<Name>DepthBias</Name>
									<Value>0</Value>
								</Element>
								<Element index="14">
									<Name>Distortion</Name>
									<Value>0</Value>
								</Element>
							</Parameters>
							<InactiveParameters count="0" ordered="true" />
							<MultiPassMaterials count="0" ordered="true" />
						</Element>
					</Layers>
				</info>
				<flags count="4" ordered="true">
					<Element index="0">32</Element>
					<Element index="1">1048608</Element>
					<Element index="2">1048608</Element>
					<Element index="3">1048608</Element>
				</flags>
				<CustomRenderset count="1" ordered="true">
					<Element index="0">0</Element>
				</CustomRenderset>
			</Entity>
		</Root>
	</SMaterialData>
</Resource>
