{
    "134218387": {
        "editor_effect": {
            "model_id": 134277985, 
            "preview_icon": "", 
            "name": "\u68ee\u4e4b\u6124\u6012\u53d7\u51fb\u7279\u6548", 
            "describe": 134218387, 
            "key": 134218387, 
            "res_type": "kkres", 
            "res_identify": "", 
            "scale": 1.0, 
            "uid": "134218387", 
            "source_effect": [
                104797
            ]
        }, 
        "model": {
            "name": "\u68ee\u4e4b\u6124\u6012\u53d7\u51fb\u7279\u6548", 
            "model_id": 134277985, 
            "effect_path": "Fx_Effect/Overseas/Fx_Common/Hit/Hit_overseas_900028_attack_e0004_copy", 
            "meshes": [], 
            "custom": true, 
            "effect_keep": false, 
            "effect_max_life": 0.7449999917, 
            "is_beam_effect": false
        }
    }, 
    "res_type": "editor_effect", 
    "import_export_folder_info": "/code_explorer_custom_root_folder_name"
}