{
    "134219274": {
        "editor_effect": {
            "model_id": 134271908, 
            "preview_icon": "", 
            "name": "\u8eab\u7ecf\u767e\u6218\u683c\u6321\u7279\u6548", 
            "describe": 134219274, 
            "key": 134219274, 
            "res_type": "kkres", 
            "res_identify": "", 
            "scale": 1.0, 
            "uid": "134219274", 
            "source_effect": [
                104412
            ]
        }, 
        "model": {
            "name": "\u8eab\u7ecf\u767e\u6218\u683c\u6321\u7279\u6548", 
            "model_id": 134271908, 
            "effect_path": "Fx_Effect/DM1/Fx_Common/Hit/Hit_DM1_u4_fx_qiaoshougu_01_copy", 
            "meshes": [], 
            "custom": true, 
            "effect_keep": false, 
            "effect_max_life": 0.700000003, 
            "is_beam_effect": false
        }
    }, 
    "res_type": "editor_effect", 
    "import_export_folder_info": "/code_explorer_custom_root_folder_name"
}