{
    "134264963": {
        "editor_effect": {
            "model_id": 134270676, 
            "preview_icon": "", 
            "name": "\u5175\u866b\u653b\u51fb\u53d7\u51fb\u7279\u6548", 
            "describe": 134264963, 
            "key": 134264963, 
            "res_type": "kkres", 
            "res_identify": "", 
            "scale": 1.0, 
            "uid": "134264963", 
            "source_effect": [
                104508
            ]
        }, 
        "model": {
            "name": "\u5175\u866b\u653b\u51fb\u53d7\u51fb\u7279\u6548", 
            "model_id": 134270676, 
            "effect_path": "Fx_Effect/DM2/Fx_Common/Hit/Hit_DM2_jianci_a0001_copy", 
            "meshes": [], 
            "custom": true, 
            "effect_keep": false, 
            "effect_max_life": 0.6500000242999999, 
            "is_beam_effect": false
        }
    }, 
    "res_type": "editor_effect", 
    "import_export_folder_info": "/code_explorer_custom_root_folder_name"
}