{
    "134221241": {
        "editor_effect": {
            "model_id": 134242437, 
            "preview_icon": "", 
            "name": "\u81ea\u7136\u653b\u51fb\u53d7\u51fb\u7279\u6548", 
            "describe": 134221241, 
            "key": 134221241, 
            "res_type": "kkres", 
            "res_identify": "", 
            "scale": 1.0, 
            "uid": "134221241", 
            "source_effect": [
                101959
            ], 
            "version": 1, 
            "md5": "58a5be7a427002c85730d6a2ff00deb3"
        }, 
        "model": {
            "name": "233", 
            "model_id": 134242437, 
            "effect_path": "Fx_Effect/Cartoon/Fx_Common/Hit/Hit_Fr_xiaoyin_skill02_hit_copy", 
            "meshes": [], 
            "custom": true, 
            "effect_keep": false, 
            "effect_max_life": 0.700000025, 
            "is_beam_effect": false
        }
    }, 
    "res_type": "editor_effect", 
    "import_export_folder_info": "/code_explorer_custom_root_folder_name"
}