{
    "134268061": {
        "editor_effect": {
            "model_id": 134277228, 
            "preview_icon": "", 
            "name": "\u771f\u5b9e\u4f24\u5bb3\u7279\u6548", 
            "describe": 134268061, 
            "key": 134268061, 
            "res_type": "kkres", 
            "res_identify": "", 
            "scale": 1.0, 
            "uid": "134268061", 
            "source_effect": [
                103399
            ], 
            "version": 1, 
            "md5": "be62a5f3ca53c396cd6be1fb4b75e826"
        }, 
        "model": {
            "name": "\u771f\u5b9e\u4f24\u5bb3\u7279\u6548", 
            "model_id": 134277228, 
            "effect_path": "Fx_Effect/LuoLin/Fx_Ui/UI_LuoLing_Fengbaozhiguo_copy", 
            "meshes": [], 
            "custom": true, 
            "effect_keep": true, 
            "effect_max_life": -1, 
            "is_beam_effect": false
        }
    }, 
    "res_type": "editor_effect", 
    "import_export_folder_info": "/code_explorer_custom_root_folder_name"
}