{
    "134272476": {
        "editor_effect": {
            "model_id": 134243713, 
            "preview_icon": "", 
            "name": "\u53cb\u65b9\u9632\u5fa1\u5854\u666e\u901a\u653b\u51fb", 
            "describe": 134272476, 
            "key": 134272476, 
            "res_type": "kkres", 
            "res_identify": "", 
            "scale": 1.0, 
            "uid": "134272476", 
            "source_effect": [
                104536
            ]
        }, 
        "model": {
            "name": "\u53cb\u65b9\u9632\u5fa1\u5854\u666e\u901a\u653b\u51fb", 
            "model_id": 134243713, 
            "effect_path": "Fx_Effect/Overseas/Fx_Skill/Ballistic/Ballistic_overseas_900027_attack_a0001_copy", 
            "meshes": [], 
            "custom": true, 
            "effect_keep": true, 
            "effect_max_life": -1, 
            "is_beam_effect": false
        }
    }, 
    "res_type": "editor_effect", 
    "import_export_folder_info": "/code_explorer_custom_root_folder_name"
}