{
    "134256692": {
        "editor_effect": {
            "model_id": 134263422, 
            "preview_icon": "", 
            "name": "\u6295\u77f3\u653b\u51fb\u53d7\u51fb\u7279\u6548", 
            "describe": 134256692, 
            "key": 134256692, 
            "res_type": "kkres", 
            "res_identify": "", 
            "scale": 1.0, 
            "uid": "134256692", 
            "source_effect": [
                102454
            ]
        }, 
        "model": {
            "name": "\u6295\u77f3\u653b\u51fb\u53d7\u51fb\u7279\u6548", 
            "model_id": 134263422, 
            "effect_path": "Fx_Effect/Realism/Fx_Sence/Decoration/Decoration_nijiangliudong_001_copy", 
            "meshes": [], 
            "custom": true, 
            "effect_keep": false, 
            "effect_max_life": 1.0, 
            "is_beam_effect": false
        }
    }, 
    "res_type": "editor_effect", 
    "import_export_folder_info": "/code_explorer_custom_root_folder_name"
}