{
    "134263845": {
        "editor_effect": {
            "model_id": 134235189, 
            "preview_icon": "", 
            "name": "\u5f13\u7bad\u5c04\u51fb\u5f39\u9053\u7279\u6548", 
            "describe": 134263845, 
            "key": 134263845, 
            "res_type": "kkres", 
            "res_identify": "", 
            "scale": 1.0, 
            "uid": "134263845", 
            "source_effect": [
                101186
            ]
        }, 
        "model": {
            "name": "\u5f13\u7bad\u5c04\u51fb\u5f39\u9053\u7279\u6548", 
            "model_id": 134235189, 
            "effect_path": "Fx_Effect/Cartoon/Fx_Skill/Ballistic/Ballistic_5041_skill_01_01_copy", 
            "meshes": [], 
            "custom": true, 
            "effect_keep": true, 
            "effect_max_life": -1, 
            "is_beam_effect": false
        }
    }, 
    "res_type": "editor_effect", 
    "import_export_folder_info": "/code_explorer_custom_root_folder_name"
}