{
    "134254770": {
        "editor_effect": {
            "model_id": 134233248, 
            "preview_icon": "", 
            "name": "\u6295\u77f3\u8f66\u666e\u901a\u653b\u51fb\u7279\u6548", 
            "describe": 134254770, 
            "key": 134254770, 
            "res_type": "kkres", 
            "res_identify": "", 
            "scale": 1.0, 
            "uid": "134254770", 
            "source_effect": [
                102569
            ]
        }, 
        "model": {
            "name": "\u6295\u77f3\u8f66\u666e\u901a\u653b\u51fb\u7279\u6548", 
            "model_id": 134233248, 
            "effect_path": "Fx_Effect/Realism/Fx_Skill/Ballistic/Ballistic_X1_tiangangzhanxiang_a0001_copy", 
            "meshes": [], 
            "custom": true, 
            "effect_keep": true, 
            "effect_max_life": -1, 
            "is_beam_effect": false
        }
    }, 
    "res_type": "editor_effect", 
    "import_export_folder_info": "/code_explorer_custom_root_folder_name"
}